ID,Name,Email,Product Title,Price,Quantity
1,Frank Cartwright,goodwin.alvina@keeling.com,,,
,,,Darrel Dooley,39,2
,,,Prof. Bennie Roberts,15,5
,,,Herminia Ondricka,20,1
2,Savannah Hamill,nicolas.heller@yahoo.com,,,
,,,Dr. Kathlyn Miller,34,3
,,,Mr. Lucious Thiel V,59,1
,,,Prof. Catalina Ortiz IV,16,2
,,,Makenzie Gutkowski,85,3
,,,Kadin Daniel,84,2
3,Treva Douglas,nicholas.frami@hotmail.com,,,
,,,Mr. Jerome Oberbrunner I,84,3
,,,Laury Will I,35,3
4,Sim McKenzie,kkris@mayer.info,,,
,,,Jerald Kassulke,99,4
,,,Stuart Kling,16,1
,,,Prof. Adrianna Treutel PhD,61,1
,,,Jayden Keebler,19,5
5,Lauretta Dibbert,alek.koelpin@yahoo.com,,,
,,,Shaun Bailey,31,2
,,,Lillie Considine,100,2
,,,Alfreda Kshlerin,99,2
6,Estell Wyman,reginald.lind@wuckert.com,,,
,,,Macie Marks,66,1
,,,Dr. Robbie Mills I,98,1
,,,Mr. Maximo Volkman,29,4
,,,Guy Von,51,4
,,,Dr. Chris Cummings,63,4
7,Alexandrine Baumbach,hilario.nolan@oreilly.com,,,
,,,Chet Fisher,68,1
8,Elvis Jones,jayson90@jaskolski.com,,,
,,,Reese Hickle,83,5
,,,Dr. Jasper Corwin,10,4
,,,Prof. Newton Smitham III,19,5
9,Lemuel Ryan,tkub@weber.com,,,
,,,Dr. Brody Schneider,27,1
,,,Dr. Yoshiko Kutch,17,5
,,,Miss Estelle Bernier,100,4
,,,Urban Dietrich,72,3
10,Jedidiah Lesch,skeeling@gmail.com,,,
,,,Allene Abshire Sr.,77,4
,,,Miss Antonette Zulauf Jr.,26,5
,,,Dahlia Fisher,40,4
,,,Forrest Walker,22,4
,,,Mrs. Helen Bode,86,2
11,Arlo Kilback,yferry@shields.com,,,
,,,Immanuel Tromp,75,2
12,Alta Gaylord,maggio.misty@block.net,,,
,,,Celestino Wolf,53,4
,,,Pat Casper,20,4
,,,Robbie O'Hara,25,4
13,Walker Windler,sydnie88@yost.com,,,
,,,Elena Rempel,40,5
,,,Kolby Conn,99,4
14,Carleton King,willms.shaun@gmail.com,,,
,,,Troy Sawayn,39,2
,,,Dr. Marilou Yost,22,1
,,,Prof. Dax Breitenberg DVM,43,1
,,,Dr. Lance Harvey,47,3
,,,Reece Yost,94,2
15,Maurice Schmitt,ayla18@aufderhar.info,,,
,,,Brett Corwin,85,4
,,,Madaline Huels,48,1
,,,Quinton Murazik,76,4
16,Marian O'Hara,everette.beier@yahoo.com,,,
,,,Gilda Lockman,51,2
,,,Odessa Bauch,39,4
,,,Deven Johns PhD,100,2
,,,Terrance O'Conner,50,3
17,Candida Corkery,irowe@schoen.org,,,
,,,Cameron Batz,50,4
,,,Priscilla Beer,23,2
,,,Torrey Lind Jr.,44,3
,,,Shawn Koch,92,3
18,Delaney Bayer,pollich.rita@pfeffer.com,,,
,,,Grant Tillman,22,5
,,,Mrs. Orie Kling DDS,61,4
,,,Kurtis Harvey,22,4
,,,Prof. Felipe Mueller DVM,96,1
19,Stanton Veum,jake57@gmail.com,,,
,,,Allison Jaskolski,93,2
20,Zella Farrell,andres.baumbach@yahoo.com,,,
,,,Dr. Neil Brown,74,1
,,,Ms. Jacky Crona,83,2
,,,Ericka Nolan III,17,5
,,,Ms. Lilyan Lakin,58,1
,,,Kobe Corwin,64,3
21,Myles Stanton,margaret87@gmail.com,,,
,,,Aditya Eichmann,82,3
22,Hester Lindgren,judy.hansen@lubowitz.com,,,
,,,Odie DuBuque,88,4
,,,Orin Schmeler IV,98,3
,,,Dr. Jules Macejkovic DDS,30,1
23,Annabell Kuphal,marisa19@anderson.org,,,
,,,Joseph Kerluke,43,4
,,,Monserrate Stiedemann I,61,2
24,Golden Weimann,torrance34@hammes.com,,,
,,,Dr. Curtis Stiedemann,94,4
,,,Elizabeth Bartell,39,1
,,,Benjamin Beahan,59,3
25,Erich Raynor,gschimmel@dare.org,,,
,,,Wava Weber,92,3
,,,Kayleigh Thiel,100,4
,,,Mr. Hershel Beer,80,5
26,Brandon Kozey,nrogahn@wiegand.net,,,
,,,Waldo Welch,82,2
27,Destiney Block,ygerhold@mueller.org,,,
,,,Enos Jast,37,5
28,Carey Rempel,sanford.rachael@hotmail.com,,,
,,,Rylan Ledner,93,5
,,,Lilyan Carroll,88,4
,,,Rubie Zieme,37,2
,,,Maybelle Rempel,72,5
,,,Velda Zieme,68,1
29,Abdullah Pfannerstill,pfannerstill.tre@gmail.com,,,
,,,Mrs. Edna Littel,68,4
30,Jared Labadie,katarina.mcglynn@yahoo.com,,,
,,,Miss Marianna Terry II,40,4
,,,Joanne Bergnaum,33,2
,,,Susanna Veum III,56,5
,,,Desmond Willms,80,1
,,,Mr. Herbert Kirlin,86,1
